Name,@IGusername,Date_First_Posted,Number_of_Mentions
@suite.e.studios,@suite.e.studios,2025-01-07,72
@williejones_cocktailhour,@williejones_cocktailhour,2025-01-16,18
@liquidpenniesband,@liquidpenniesband,2025-01-16,15
@northstarstpete,@northstarstpete,2025-01-16,14
@frogshamanband,@frogshamanband,2025-02-12,14
@roboborealis,@roboborealis,2025-01-16,14
@thegeorgebandd,@thegeorgebandd,2025-02-12,12
@billymbeck,@billymbeck,2025-02-12,9
@joywagonband,@joywagonband,2025-07-15,8
@TheWanderingHours,@TheWanderingHours,2025-10-05,8
@avbleek,@avbleek,2025-01-07,7
@thepleasantriesband,@thepleasantriesband,2025-02-12,7
@stpetemusic,@stpetemusic,2025-01-28,7
@humankindaband,@humankindaband,2025-05-26,6
@tropicoblvd,@tropicoblvd,2025-07-15,6
@xjonberg,@xjonberg,2025-01-31,6
@moviepropsband,@moviepropsband,2025-03-11,6
@evergarden_art,@evergarden_art,2025-05-26,6
@TheFoteFarm,@TheFoteFarm,2025-10-08,6
@o.g.harlowgold,@o.g.harlowgold,2025-05-26,5
@dandylushmusic,@dandylushmusic,2025-08-07,5
@beach_terror,@beach_terror,2025-03-23,5
@xjonberg.art,@xjonberg.art,2025-02-27,5
@deanmischiefmusic,@deanmischiefmusic,2025-07-15,5
@mouthcouncil,@mouthcouncil,2025-06-10,5
@bayborobrewing,@bayborobrewing,2025-01-01,5
@squalart,@squalart,2025-02-17,5
@lesasilvermoremusic,@lesasilvermoremusic,2025-10-05,5
@dionysus.band,@dionysus.band,2025-10-02,4
@rob_morey_zenlike,@rob_morey_zenlike,2025-04-22,4
@moonshowband,@moonshowband,2025-01-16,4
@gabehernandezmusic,@gabehernandezmusic,2025-05-22,4
@_donzii,@_donzii,2025-08-05,4
@light.the.wire,@light.the.wire,2025-06-10,4
@the_pilotwaves,@the_pilotwaves,2025-06-10,4
@incaseu.didntjoe,@incaseu.didntjoe,2025-08-07,4
@wearekatara,@wearekatara,2025-07-02,4
@the_bends,@the_bends,2025-05-01,3
@goldenhourtrees,@goldenhourtrees,2025-08-05,3
@groovehivemarket,@groovehivemarket,2025-05-22,3
@daddykoolrecords,@daddykoolrecords,2025-07-02,3
@legacymusic859,@legacymusic859,2025-08-07,3
@animalprince_,@animalprince_,2025-07-02,3
@brewedawakeningscb,@brewedawakeningscb,2025-03-17,3
@stripes520,@stripes520,2025-04-09,3
@thevenus_band,@thevenus_band,2025-04-09,3
@physical_plant,@physical_plant,2025-03-11,3
@michaelmayjames,@michaelmayjames,2025-03-11,3
@thenestatstpetebrewingco,@thenestatstpetebrewingco,2025-03-14,3
@stpetebrewingco,@stpetebrewingco,2025-03-14,3
@blueberrypatchgulfport,@blueberrypatchgulfport,2025-03-08,2
@LesaSilvermoreBand,@LesaSilvermoreBand,2025-10-30,2
@tamayo_band,@tamayo_band,2025-10-02,2
@ian9536,@ian9536,2025-09-07,2
@legacyorchestracollective,@legacyorchestracollective,2025-08-28,2
@not_julia_powell,@not_julia_powell,2025-07-15,2
@3daughtersbrewing,@3daughtersbrewing,2025-06-18,2
@cagebrewing,@cagebrewing,2025-07-19,2
@infinitethird,@infinitethird,2025-06-14,2
@savannahlee475,@savannahlee475,2025-03-02,2
@houseofi,@houseofi,2025-05-22,2
@jtbrownandco,@jtbrownandco,2025-02-06,2
@jroseloops,@jroseloops,2025-02-06,2
@thepleasantries,@thepleasantries,2025-02-19,2
@brakelessbastard90,@brakelessbastard90,2025-01-31,2
@theloftstpete,@theloftstpete,2025-01-31,2
@saintpaintarts,@saintpaintarts,2025-01-31,2
@redfeathermusic,@redfeathermusic,2025-01-31,2
@holyrivermusic,@holyrivermusic,2025-01-31,2
@filipebergson,@filipebergson,2025-01-31,2
@wusfpublicmedia,@wusfpublicmedia,2025-08-27,2
@silvermorephotography.,@silvermorephotography.,2025-08-28,2
@npo.aura,@npo.aura,2025-08-22,2
@nattydejewel,@nattydejewel,2025-11-04,1
@only1two,@only1two,2025-10-26,1
@jimpster_gram,@jimpster_gram,2025-10-24,1
@larslb,@larslb,2025-10-24,1
@queerexpressionstpete,@queerexpressionstpete,2025-10-20,1
@SeanFote,@SeanFote,2025-10-05,1
@hulaweenfl,@hulaweenfl,2025-10-02,1
@onnamaya,@onnamaya,2025-10-02,1
@comeonchemicals.,@comeonchemicals.,2025-09-24,1
@lynnhawkins_,@lynnhawkins_,2025-09-17,1
@suncoastsierra,@suncoastsierra,2025-09-17,1
@mixcloud,@mixcloud,2025-09-17,1
@rat_galactic,@rat_galactic,2025-09-17,1
@_alexborst,@_alexborst,2025-09-15,1
@essidoesit,@essidoesit,2025-09-15,1
@slamduncan710,@slamduncan710,2025-09-04,1
@toribious_monk,@toribious_monk,2025-08-27,1
@theellamenobeat,@theellamenobeat,2025-08-27,1
@warrenbuchholz,@warrenbuchholz,2025-08-27,1
@wusfjazz,@wusfjazz,2025-08-27,1
@freemansoundmindset,@freemansoundmindset,2025-08-25,1
@tangiblerecordshop,@tangiblerecordshop,2025-08-22,1
@saucepocketfunk,@saucepocketfunk,2025-08-13,1
@slamduncan420.,@slamduncan420.,2025-08-05,1
@corporateguest,@corporateguest,2025-08-05,1
@ortrotasce.,@ortrotasce.,2025-08-05,1
@kollectinc,@kollectinc,2025-08-02,1
@displacemusic,@displacemusic,2025-08-02,1
@public__speaking,@public__speaking,2025-07-15,1
@doormanthedj,@doormanthedj,2025-07-15,1
@thetiltorchestra,@thetiltorchestra,2025-07-15,1
@rogerthomasmusic,@rogerthomasmusic,2025-07-11,1
@acehighprinting,@acehighprinting,2025-07-02,1
@mcpizzza,@mcpizzza,2025-06-26,1
@antelopephishtribute,@antelopephishtribute,2025-05-15,1
@minim_music,@minim_music,2025-05-11,1
@callaghan.keane,@callaghan.keane,2025-05-01,1
@therealgorewizard,@therealgorewizard,2025-05-01,1
@papercranelive,@papercranelive,2025-04-22,1
@shuaharrell,@shuaharrell,2025-04-22,1
@ajevamusic,@ajevamusic,2025-04-22,1
@mikeblenda,@mikeblenda,2025-03-17,1
@djshafiq_vsop,@djshafiq_vsop,2025-03-17,1
@jamdish,@jamdish,2025-03-17,1
@razorandtheboogiemen,@razorandtheboogiemen,2025-03-14,1
@beachterror,@beachterror,2025-03-11,1
@kelseysharpmusic,@kelseysharpmusic,2025-03-08,1
@lvljetsetter,@lvljetsetter,2025-03-02,1
@_death.by.,@_death.by.,2025-02-27,1
@liquidpennies,@liquidpennies,2025-02-17,1
@nor,@nor,2025-02-06,1
@tychomusic,@tychomusic,2025-01-10,1
@dj_soulr,@dj_soulr,2025-01-10,1
@sunshinecitydisco,@sunshinecitydisco,2025-01-10,1
@mandarinhide,@mandarinhide,2025-01-10,1
@still_music_chicago,@still_music_chicago,2025-01-07,1
@openhouseconspiracy,@openhouseconspiracy,2025-01-07,1
@mr.whiskers_and_the_nine_lives,@mr.whiskers_and_the_nine_lives,2025-01-01,1
